{
  "project_info": {
    "project_number": "570356463980",
    "project_id": "userlogin-149d6",
    "storage_bucket": "userlogin-149d6.appspot.com"
  },
  "client": [
    {
      "client_info": {
        "mobilesdk_app_id": "1:570356463980:android:dc2e621aef769dfbcf1b49",
        "android_client_info": {
          "package_name": "com.example.aplikasiloginfirebase"
        }
      },
      "oauth_client": [],
      "api_key": [
        {
          "current_key": "AIzaSyC0DG5xzDxYWQX9zmP8E_sl1oiiS_-OUxo"
        }
      ],
      "services": {
        "appinvite_service": {
          "other_platform_oauth_client": []
        }
      }
    }
  ],
  "configuration_version": "1"
}